,x_axis,y_axis
0,-5.0,-9.0
1,-4.0,-7.5
2,-3.5,-6.6
3,-3.1,-5.5
4,-2.4,-4.4
5,-2.0,-3.7
6,-1.7,-3.2
7,-1.5,-2.6
8,-1.1,-1.7000000000000002
9,-0.6,-0.8
10,-0.2,-0.2
11,0.0,0.1
12,0.1,0.6
13,0.5,1.3
14,0.8,1.7000000000000002
15,0.9,1.9
16,1.0,3.0
17,2.0,5.0
18,3.0,7.1
19,4.1,8.5
20,4.4,9.0
21,4.6,9.6
22,5.0,10.5
23,5.5,12.0
